2019-07-26 00:28:03,torrentwal,검색어를 입력하세요 WWW.E16.190725.720p NEXT,magnet:?xt=urn:btih:C4C7386A73AC7A2753F401B6ECFC809408C294B5,검색어를 입력하세요 WWW
2019-07-27 00:28:04,torrentwal,강식당 3.E03.190726.720p NEXT,magnet:?xt=urn:btih:5F53348062DE7DEC9AB8E0ECCAFE1E924E9CAC27,강식당
2019-07-27 01:28:06,torrentwal,강식당 3.E03.190726.720p NEXT.mp4,magnet:?xt=urn:btih:EF4EDA457EFEB0FD52D7B9F0C7A919D37F631EF9,강식당
2019-07-27 01:28:06,torrentwal,평일 오후 세시의 연인.E07.190726.720p NEXT,magnet:?xt=urn:btih:5B4E002B428A3050D51CA0D3B81C27820BE0AC1F,평일 오후 세시의 연인
2019-07-27 23:28:04,torrentwal,호텔 델루나.E05.190727.720p NEXT,magnet:?xt=urn:btih:A48C2425FE3FC0E821CFF8579ED9590ED7B010AC,호텔 델루나
2019-07-28 02:28:03,torrentwal,평일 오후 세시의 연인.E08.190727.720p NEXT,magnet:?xt=urn:btih:6C5327F5A3F0F717F53C8B6191B52BBB2C6ABDEB,평일 오후 세시의 연인
2019-07-28 12:28:07,torrentwal,TV 동물농장.E928.190728.720p NEXT,magnet:?xt=urn:btih:96DB2C8BF21E6C3D9C4DEE01F476C8B809A17018,TV 동물농장
2019-07-28 15:28:04,torrentwal,어벤져스  엔드게임 Avengers Endgame.2019.1080p.HDRip.X264 EVO,magnet:?xt=urn:btih:7C02BC09A2386C1FD986A833838892612E68933B,어벤져스: 엔드게임
2019-07-28 21:28:06,torrentwal,슈퍼맨이 돌아왔다.E296.190728.720p NEXT.mp4,magnet:?xt=urn:btih:1E891CB78B0C5B1062867D0F7504F53F0C9D86E4,슈퍼맨이 돌아왔다
2019-07-29 00:28:04,torrentwal,캠핑클럽.E03.190728.720p NEXT.mp4,magnet:?xt=urn:btih:FEC557BA836CB1F637ECB106DFFC0A95B751EF21,캠핑클럽
2019-07-29 00:28:04,torrentwal,호텔 델루나.E06.190728.720p NEXT.mp4,magnet:?xt=urn:btih:0BB4D57318984D58DCF11CEABAE8DEE7A92E580B,호텔 델루나
2019-07-29 00:28:04,torrentwal,호텔 델루나.E06.190728.720p NEXT,magnet:?xt=urn:btih:FE018D48A9B4EA2FAFBEC071105526AEBD4762E0,호텔 델루나
2019-07-29 01:28:10,torrentwal,SBS 스페셜.E580.190728.720p NEXT.mp4,magnet:?xt=urn:btih:0DC80C0AD5D3328E451D3D5A898D03E3382A87BA,SBS 스페셜
2019-07-29 23:28:04,torrentwal,검법남녀 시즌2 31 32회 합본.E16.190729.720p NEXT,magnet:?xt=urn:btih:EF52547BD1CB0BD520CFBFE55CA490AB3B6D33A4,검법남녀
2019-07-30 13:28:06,torrentwal, 종결 검법남녀 시즌1 1080p HDTV x264 RAiN  시즌2 720p NEXT ,magnet:?xt=urn:btih:2CA3A6F26EF9F62B15BD9C34D5C1CEF8C35FD504,검법남녀
2019-08-01 02:28:03,torrentwal,여름특집 백종원의 골목식당.E77.190731.720p NEXT,magnet:?xt=urn:btih:AAED96BFCC6BA10BE77AA084B38F0EAA72FEC61C,백종원의 골목식당
2019-08-01 02:28:03,torrentwal,차이나는 클라스.E119.190731.720p NEXT.mp4,magnet:?xt=urn:btih:2E62D46792E60943B2B06D4E1E0FC66770988C51,차이나는 클라스
2019-08-02 23:28:04,torrentwal,강식당 3.E04.190802.720p NEXT,magnet:?xt=urn:btih:7D484569272014FAA31FF9F9B134F91EC13C3604,강식당
2019-08-03 01:28:04,torrentwal,평일 오후 세시의 연인.E09.190802.720p NEXT,magnet:?xt=urn:btih:B33F55C6DAE81E0161250193E6F335127FFE0EF0,평일 오후 세시의 연인
2019-08-03 23:28:03,torrentwal,호텔 델루나.E07.190803.720p NEXT,magnet:?xt=urn:btih:021DD4161A12D11D4FBB8C2903302986939F826F,호텔 델루나
2019-08-04 01:28:03,torrentwal,평일 오후 세시의 연인.E10.190803.720p NEXT,magnet:?xt=urn:btih:41CFD394209F9C033F5F7958BFD887501F8C51A3,평일 오후 세시의 연인
2019-08-04 13:28:05,torrentwal,TV 동물농장.E929.190804.720p NEXT.mp4,magnet:?xt=urn:btih:C7F97F35496D163E83FD09DD4AB248E4B0C65C39,TV 동물농장
2019-08-04 20:28:05,torrentwal,슈퍼맨이 돌아왔다.E297.190804.720p NEXT,magnet:?xt=urn:btih:55FA425FB824B951947B460A8626D2DE74F62147,슈퍼맨이 돌아왔다
2019-08-04 23:28:03,torrentwal,캠핑클럽.E04.190804.720p NEXT,magnet:?xt=urn:btih:5A4B1C53CB1FF03974100B1216EF9C43EAAB2A61,캠핑클럽
2019-08-04 23:28:03,torrentwal,호텔 델루나.E08.190804.720p NEXT,magnet:?xt=urn:btih:C437799BCE5494F1981CB03DB4C76D01D7C11A90,호텔 델루나
2019-08-05 02:28:03,torrentwal,SBS 스페셜.E581.190804.720p NEXT.mp4,magnet:?xt=urn:btih:7FBBAD24CCD1F9699FB4FFC8500EE5F0BF3C6DDD,SBS 스페셜
2019-08-06 02:28:03,torrentwal, 토  렌  트  가  자  기생충 PARASITE.2019.1080p.FHDRip.H264.AAC NonDRM,magnet:?xt=urn:btih:C80D4893121568165B5795ADAE42F67564D1CFFA,기생충
2019-08-07 10:28:06,torrentwal,알라딘 Aladdin.2019.1080p.HDRip.x264.DD5.1 SHITBOX,magnet:?xt=urn:btih:367706A3E5F4E556FF909D56B3707762FB9AC805,알라딘
2019-08-08 02:28:03,torrentwal,여름특집 백종원의 골목식당.E78.190807.720p NEXT.mp4,magnet:?xt=urn:btih:DE606E302DB902909AB8B1B8D0594F417F909283,백종원의 골목식당
2019-08-10 07:28:04,torrentwal,삼시세끼 산촌편.E01.190809.720p NEXT,magnet:?xt=urn:btih:EE761B2B954AD710B70665FAC7E03F69144200EB,삼시세끼 산촌편
2019-08-10 15:28:03,torrentwal,세상의 모든 다큐.190810.조애나 럼리의 실크로드 기행 2부.720p.mp4,magnet:?xt=urn:btih:3B0EA496E91C6531F35F43C8BA60A27C9B2DB42C,세상의 모든 다큐
2019-08-11 00:28:05,torrentwal,호텔 델루나.E09.190810.720p NEXT,magnet:?xt=urn:btih:896F86BAC5EB68C668580A2A149FAC63517750CF,호텔 델루나
2019-08-11 01:28:07,torrentwal,평일 오후 세시의 연인.E12.190810.720p NEXT,magnet:?xt=urn:btih:8A79E4A32EBAD19EF3D0E48BB18F8AD9F54C87A0,평일 오후 세시의 연인
2019-08-11 11:28:08,torrentwal,TV 동물농장.E930.190811.720p NEXT,magnet:?xt=urn:btih:F88DC6113097B8E79DB52866CD1EFB269D89A77C,TV 동물농장
2019-08-11 20:28:04,torrentwal,슈퍼맨이 돌아왔다.E298.190811.720p NEXT.mp4,magnet:?xt=urn:btih:8DF4614527BF0A538FD9DB78DB5CAB8FB5080C32,슈퍼맨이 돌아왔다
2019-08-11 23:28:03,torrentwal,캠핑클럽.E05.190811.720p NEXT,magnet:?xt=urn:btih:861F27D7A17AC25C957CD6722E7BDBD4F0849894,캠핑클럽
2019-08-11 23:28:03,torrentwal,광복절 기획 역사저널 그날.E231.190811.720p NEXT.mp4,magnet:?xt=urn:btih:3CFE21B400B9B7AE97A0E5C091CF3C02D132F598,역사저널 그날
2019-08-11 23:28:03,torrentwal,호텔 델루나.E10.190811.720p NEXT,magnet:?xt=urn:btih:851329D72A6693239BCFE212264D75FF179F8034,호텔 델루나
2019-08-12 01:28:04,torrentwal,SBS 스페셜.E581.190804.시리얼   1주일 시인으로 살기.720p NEXT.mp4,magnet:?xt=urn:btih:19CCD80D0FF0CFBF003F0F0DF187C0685EE44679,SBS 스페셜
2019-08-14 13:28:05,torrentwal, 자체한글  애나벨 집으로 Annabelle Comes Home20191080pHCHDRipX264AC3 EVO,magnet:?xt=urn:btih:D35501FEE6520CBFA97449E89AF67D8FC8779412,애나벨 집으로
2019-08-15 01:28:05,torrentwal,차이나는 클라스.E121.190814.720p NEXT.mp4,magnet:?xt=urn:btih:DAE966E690C9FB638731CB2A0AF9DE1845F6E540,차이나는 클라스
2019-08-15 03:28:03,torrentwal,백종원의 골목식당.E79.190814.720p NEXT,magnet:?xt=urn:btih:12C4267A09F68039E0DA53145D81FFBB9E143318,백종원의 골목식당
2019-08-17 00:28:03,torrentwal,삼시세끼 산촌편.E02.190816.720p NEXT,magnet:?xt=urn:btih:AE79435A4DBF867214777AD7410829F47C489A27,삼시세끼
2019-08-17 01:28:05,torrentwal,평일 오후 세시의 연인.E13.190816.720p NEXT.mp4,magnet:?xt=urn:btih:2353ED3CD6B9971C90B1DFB84E883581B3944D09,평일 오후 세시의 연인
2019-08-17 16:28:06,torrentwal,세상의 모든 다큐.190817.조애나 럼리의 실크로드 기행 3부 실크로드 보석 페르시아.720p.mp4,magnet:?xt=urn:btih:A6B084A8E8DCC437FDE2D437FA109774686F36E2,세상의 모든 다큐
2019-08-17 17:28:06,torrentwal,나랏말싸미 The King  s Letters20191080pFHDRipH264AAC NonDRMmp4,magnet:?xt=urn:btih:E6CE7F8CB38F97574E8FA4C2286F16946566268B,나랏말싸미
2019-08-17 23:28:03,torrentwal,호텔 델루나.E11.190817.720p NEXT.mp4,magnet:?xt=urn:btih:33855211F987901353999A85F51252F751B29079,호텔 델루나
2019-08-18 01:28:03,torrentwal,평일 오후 세시의 연인.E14.190817.720p NEXT.mp4,magnet:?xt=urn:btih:073F017AB4C48810FE474BFF6124644085067A14,평일 오후 세시의 연인
2019-08-18 11:28:08,torrentwal,TV 동물농장.E931.190818.720p NEXT,magnet:?xt=urn:btih:6F7348696CE51BB3D0137A8E99F2BAA4623AB9AD,TV 동물농장
2019-08-18 17:28:04,torrentwal,평일 오후 세시의 연인.E11.190809.720p NEXT.mp4,magnet:?xt=urn:btih:59740F627E4462218ABAD992ECD9544C82C64F2A,평일 오후 세시의 연인
2019-08-18 20:28:05,torrentwal,슈퍼맨이 돌아왔다.E299.190818.720p NEXT.mp4,magnet:?xt=urn:btih:B5CF7FEB8F72A3EE25B357855DA3BC2721F60D88,슈퍼맨이 돌아왔다
2019-08-18 23:28:05,torrentwal,캠핑클럽.E06.190818.720p NEXT,magnet:?xt=urn:btih:D06B4F5E5FB289D6734A0450F488FBD5477D8C93,캠핑클럽
2019-08-18 23:28:05,torrentwal,호텔 델루나.E12.190818.720p NEXT,magnet:?xt=urn:btih:62F1CCEB8599235322918A905EFB366DDBC87855,호텔 델루나
2019-08-19 01:28:04,torrentwal,광복절 기획 역사저널 그날.E232.190818.720p NEXT.mp4,magnet:?xt=urn:btih:19126E00DF50C69BC3D0F42250CF88066116FA9D,역사저널 그날
2019-08-21 00:28:04,torrentwal, torrⓔntㄱㅏㅈㅏ  자막  레드슈즈 Red Shoes20191080pFHDRipH264AAC NonDRM,magnet:?xt=urn:btih:7864F8E5C9418A38D940E69B5374C460BC22054A,레드슈즈
2019-08-22 00:28:03,torrentwal,차이나는 클라스.E122.190821.720p NEXT.mp4,magnet:?xt=urn:btih:B40B8CDB06B86C5F2FCB0ECA88FEF6ACFA93D62C,차이나는 클라스
2019-08-22 01:28:05,torrentwal,백종원의 골목식당.E80.190821.720p NEXT.mp4,magnet:?xt=urn:btih:D85790FB1C3702424C70480C0F399ECFC87F169A,백종원의 골목식당
2019-08-24 00:28:03,torrentwal,삼시세끼 산촌편.E03.190823.720p NEXT,magnet:?xt=urn:btih:E03E08BCF8C71B30E788D2BDE3F33F84F8BB2A6D,삼시세끼
2019-08-24 01:28:05,torrentwal,평일 오후 세시의 연인.E15.190823.720p NEXT.mp4,magnet:?xt=urn:btih:451C3BDD6F6976F5B8779FB5E6DB618A0F6EF4CD,평일 오후 세시의 연인
2019-08-24 14:28:05,torrentwal,세상의 모든 다큐.190824.조애나 럼리의 실크로드 기행 4부 중앙아시아의 꽃.720p.mp4,magnet:?xt=urn:btih:D7125F538597DFB5B466EF52B2702B13250CA050,세상의 모든 다큐
2019-08-24 23:28:05,torrentwal,호텔 델루나.E13.190824.720p NEXT,magnet:?xt=urn:btih:1B97E30291488D8F7594305B49B94423208191BF,호텔 델루나
2019-08-25 01:28:04,torrentwal,평일 오후 세시의 연인.E16.190824.720p NEXT.mp4,magnet:?xt=urn:btih:ABB59237D6127B7D59309A2417780652A82D4038,평일 오후 세시의 연인
2019-08-25 12:28:03,torrentwal,TV 동물농장.E932.190825.720p NEXT,magnet:?xt=urn:btih:FD2ADF2B1AC9033F46AE2353FA9AD22ABF339308,TV 동물농장
2019-08-25 20:28:04,torrentwal,슈퍼맨이 돌아왔다.E300.190825.720p NEXT.mp4,magnet:?xt=urn:btih:A7057C4391891DAE49D058FDD5F2AB4FB09B48B9,슈퍼맨이 돌아왔다
2019-08-26 00:28:03,torrentwal,캠핑클럽.E07.190825.720p NEXT,magnet:?xt=urn:btih:9EC2B9F183FADE5D61146B1D0BAFF5EFD00CE9A5,캠핑클럽
2019-08-26 00:28:03,torrentwal,호텔 델루나.E14.190825.720p NEXT,magnet:?xt=urn:btih:B4A59BF4F641A760DCA3C2574BEBD3EE8F50ECFD,호텔 델루나
2019-08-26 01:28:06,torrentwal,역사저널 그날.E233.190825.720p NEXT.mp4,magnet:?xt=urn:btih:002AABED4E38033DD16CA69478DF7F041ADCE58A,역사저널 그날
2019-08-26 02:28:05,torrentwal,SBS 스페셜.E584.190825.720p NEXT.mp4,magnet:?xt=urn:btih:68151B57E912EAEE719F92085CF783601C2AAD5F,SBS 스페셜
2019-08-29 00:28:03,torrentwal,차이나는 클라스.E123.190828.720p NEXT.mp4,magnet:?xt=urn:btih:811D7BB1D8F1AB30C66B64BEA08856E3CAAC3BD9,차이나는 클라스
2019-08-29 01:28:06,torrentwal,백종원의 골목식당.E81.190828.720p NEXT.mp4,magnet:?xt=urn:btih:DBDE72B68D53ACB850A82C383F5B94C718D5469D,백종원의 골목식당
2019-08-30 02:28:03,torrentwal, 무자막 엑스맨  다크 피닉스 DarkPhoenix20191080pBluRayx264 GECKOS,magnet:?xt=urn:btih:7757F5C4D12B3FCC9A34552A3522CD5525032844,엑스맨: 다크 피닉스
2019-08-31 01:28:04,torrentwal,삼시세끼 산촌편.E04.190830.HDTV.H264.720p NEXT.mp4,magnet:?xt=urn:btih:034535DFB2F55E003DB18830CECAB071F09B3978,삼시세끼
2019-08-31 17:28:04,torrentwal,세상의 모든 다큐.190831.푸틴의 제국 러시아의 민낯.720p.mp4,magnet:?xt=urn:btih:1E5BDFA467F504AF559DD5163250BD7EF2164BB6,세상의 모든 다큐
2019-09-01 00:28:03,torrentwal,호텔 델루나.E15.190831.720p NEXT.mp4,magnet:?xt=urn:btih:16B7822D654F877F9C73643407953B3668A3AC4E,호텔 델루나
2019-09-01 11:28:03,torrentwal,TV 동물농장.E933.190901.720p NEXT,magnet:?xt=urn:btih:8478E80308B00E826D1A7391982BF98C0FC40B69,TV 동물농장
2019-09-01 20:28:05,torrentwal,슈퍼맨이 돌아왔다.E301.190901.720p NEXT.mp4,magnet:?xt=urn:btih:C4AD83238650DBC83898254D1CB129182DA9A269,슈퍼맨이 돌아왔다
2019-09-01 21:28:06,torrentwal,존 윅 3  파라벨룸 JohnWickChapter3Parabellum20191080pBluRayx264,magnet:?xt=urn:btih:63738F120ECC3F5F5F832742CE88E1518A2FA6D5,존 윅 3: 파라벨룸
2019-09-01 23:28:10,torrentwal,호텔 델루나.E16.190901.720p NEXT,magnet:?xt=urn:btih:B1A6249966BC78C95C444569BD678DA7771A9861,호텔 델루나
2019-09-02 00:28:11,torrentwal,캠핑클럽.E08.190901.720p NEXT,magnet:?xt=urn:btih:DEB7E1FD18EA10C17624DE8A4653D8DCA83D3664,캠핑클럽
2019-09-02 00:28:11,torrentwal,역사저널 그날.E234.190901.720p NEXT.mp4,magnet:?xt=urn:btih:A380C91F7C04DCDBDB45143CB7C282E60F02E432,역사저널 그날
2019-09-02 18:28:03,torrentwal,알라딘 Aladdin20191080pBluRayx264TrueHD71Atmos FGT,magnet:?xt=urn:btih:593328132CCFD162CC61BA15AA781BDC06329BBC,알라딘
2019-09-04 01:28:03,torrentwal, torrⓔntㄱㅏㅈㅏ  직공  봉오동 전투 The BattleRoar to Victory20191080pFHDRipH264AAC NonDRM,magnet:?xt=urn:btih:E50D52FC68B49A084354FB48589F2E99CA48F2CE,봉오동 전투
2019-09-05 02:28:03,torrentwal,백종원의 골목식당.E82.190904.720p NEXT.mp4,magnet:?xt=urn:btih:8F7D6DED750DF375EFC635B72A37C50F14056E1E,백종원의 골목식당
2019-09-05 02:28:03,torrentwal,차이나는 클라스.E124.190904.720p NEXT.mp4,magnet:?xt=urn:btih:F3E371DF260C4688C758D40D18E489702DA16465,차이나는 클라스
2019-09-07 00:28:05,torrentwal,삼시세끼 산촌편.E05.190906.720p NEXT.mp4,magnet:?xt=urn:btih:526EC46D632407B7167761F43F917E043D3E0E50,삼시세끼
2019-09-08 11:28:03,torrentwal,TV 동물농장.E934.190908.720p NEXT.mp4,magnet:?xt=urn:btih:FD4E64540B0E713616C3DBB6A8EDF1B9CC22F4B6,TV 동물농장
2019-09-08 21:28:04,torrentwal,슈퍼맨이 돌아왔다.E302.190908.720p NEXT.mp4,magnet:?xt=urn:btih:117D185695B22A0964553428520D600C410E426C,슈퍼맨이 돌아왔다
2019-09-09 00:28:03,torrentwal,캠핑클럽.E09.190908.720p NEXT.mp4,magnet:?xt=urn:btih:AFB98AE810CDD0BC7FD45634C618FA6C90804579,캠핑클럽
2019-09-09 01:28:05,torrentwal,SBS 스페셜.E586.190908.720p NEXT.mp4,magnet:?xt=urn:btih:5B741344DF04983919E9F43E8A25A51D91029F91,SBS 스페셜
2019-09-09 01:28:05,torrentwal,역사저널 그날.E235.190908.720p NEXT.mp4,magnet:?xt=urn:btih:649DA92A93C8FFCAF118561B241662658222B11B,역사저널 그날
2019-09-10 03:28:04,torrentwal, 직공  엑시트 EXIT20191080pFHDRipH264AAC NonDRM,magnet:?xt=urn:btih:258DCDA925F3EADB354A5DAF99F21AD0BBE4AB0C,엑시트
2019-09-11 20:28:03,torrentwal,스파이더맨 파 프롬 홈 SpiderMan FarFromHome2019KOR1080pHDRipH264AAC WHD,magnet:?xt=urn:btih:928B688CB0BE38D4B25C6326A382969B7A524860,스파이더맨: 파 프롬 홈
2019-09-11 23:28:05,torrentwal,사자 The Divine Fury20191080pFHDRipH264AAC NonDRM,magnet:?xt=urn:btih:712FEB49CFC1D9F307BD27A84A1B0A4C5C54D0B8,사자
2019-09-12 01:28:04,torrentwal,백종원의 골목식당.E83.190911.720p NEXT.mp4,magnet:?xt=urn:btih:AB732497CC52CDA67FC25A9E1643C0F739ACC34F,백종원의 골목식당
2019-09-12 20:28:05,torrentwal,추석특집 백종원의 골목식당 스페셜 2부.E02.190912.720p NEXT.mp4,magnet:?xt=urn:btih:850A3042970FDF98957D0C3F5D84338BA5E0FA05,백종원의 골목식당
2019-09-12 20:28:05,torrentwal,추석특집 백종원의 골목식당 스페셜 1부.E01.190912.720p NEXT.mp4,magnet:?xt=urn:btih:184ED319A010C38B9F90B62DA0FB2BA74C1104DF,백종원의 골목식당
2019-09-14 00:28:06,torrentwal,삼시세끼 산촌편.E06.190913.720p NEXT.mp4,magnet:?xt=urn:btih:55D2877D61E662A39EECBD7C657563FA1F045315,삼시세끼
2019-09-15 12:28:04,torrentwal,추석특집 TV 동물농장.E935.190915.720p NEXT.mp4,magnet:?xt=urn:btih:1F2AEEFB8B0E6C2D6AFCD4DCF5F0CD87DCE56828,TV 동물농장
2019-09-15 14:28:05,torrentwal,영문  토이 스토리 4 ToyStory420191080pWEBRipx264AAC20 SHITBOX,magnet:?xt=urn:btih:08DE6942058E38A617B512FB66AE41865E8765F0,토이 스토리 4
2019-09-15 20:28:03,torrentwal,추석기획 슈퍼맨이 돌아왔다.E303.190915.720p NEXT.mp4,magnet:?xt=urn:btih:68712A9E7CC931F3488871804491AE827131A82B,슈퍼맨이 돌아왔다
2019-09-19 06:28:04,torrentwal,백종원의 골목식당 (둔촌동).E84.190918.720p NEXT.mp4,magnet:?xt=urn:btih:6D716C19462C816899406BF9975AE692FFFF3BD5,백종원의 골목식당
2019-09-19 06:28:04,torrentwal,백종원의 골목식당 (둔촌동).E84.190918.720p NEXT.mp4,magnet:?xt=urn:btih:C59CCB34BACFD0D1F1A63426C6564622F34DC064,백종원의 골목식당
2019-09-19 11:28:03,torrentwal,변신 Metamorphosis20191080pFHDRipH264AAC NonDRM,magnet:?xt=urn:btih:BE0BA98723F47B541A33D5EC89A92C47566F9690,변신
2019-09-19 20:28:05,torrentwal,차이나는 클라스.E125.190918.720p NEXT.mp4,magnet:?xt=urn:btih:39D214306C54F079316B589F8D1CE9EBF5ACDF12,차이나는 클라스
2019-09-19 20:28:05,torrentwal,"역사저널 그날.E236.190917.일제의 항복을 받으러 왔다, 대한민국 광복군.720p NEXT.mp4",magnet:?xt=urn:btih:797935CDB0CE92F909796DD9CCC82F4BCED70C8A,역사저널 그날
2019-09-20 23:28:04,torrentwal,삼시세끼 산촌편.E07.190920.720p NEXT.mp4,magnet:?xt=urn:btih:A6AF838C3D46C964546146D825ADE8E787032704,삼시세끼
2019-09-20 23:28:04,torrentwal,삼시세끼 산촌편.E07.190920.720p NEXT.mp4,magnet:?xt=urn:btih:3A4D3AF3E3A1319602ADF425077C435AE66DF1F8,삼시세끼
2019-09-22 20:28:03,torrentwal,슈퍼맨이 돌아왔다.E304.190922.720p NEXT.mp4,magnet:?xt=urn:btih:49462364B9DD85E91BAA87BDE7243C07255E84F7,슈퍼맨이 돌아왔다
2019-09-23 01:28:03,torrentwal,캠핑클럽.E10.190922.720p NEXT.mp4,magnet:?xt=urn:btih:B3DF22EE2552B04C76B0B91D50C221CD05FBBA37,캠핑클럽
2019-09-25 01:28:05,torrentwal,역사저널 그날.E237.190924.720p NEXT.mp4,magnet:?xt=urn:btih:6F7F2086AFC5440FD364CB40C92259E113CA1C74,역사저널 그날
2019-09-26 01:28:06,torrentwal,백종원의 골목식당.E85.190925.720p NEXT.mp4,magnet:?xt=urn:btih:902AED93F2FD07A43EDD718DC42B2D89E5C37ADC,백종원의 골목식당
2019-09-26 01:28:06,torrentwal,차이나는 클라스.E126.190925.720p NEXT.mp4,magnet:?xt=urn:btih:0B4E855AB2C5982565AF6B981104BD10EA7B093C,차이나는 클라스
2019-09-28 00:28:03,torrentwal,삼시세끼 산촌편.E08.190927.720p NEXT.mp4,magnet:?xt=urn:btih:5B31FEF0ACD39015736CD5DA7064E5FB2DD75748,삼시세끼
2019-09-29 18:28:06,torrentwal,TV 동물농장.E937.190929.720p NEXT.mp4,magnet:?xt=urn:btih:D2EF39B1E2309D898A8BDCFFAF38F6E1ADE84218,TV 동물농장
2019-09-29 20:28:04,torrentwal,슈퍼맨이 돌아왔다.E297.190929.720p NEXT.mp4,magnet:?xt=urn:btih:8826A8FFD2C70469757044E9BAAFCAE4C80CFDA4,슈퍼맨이 돌아왔다
2019-09-29 23:28:04,torrentwal,캠핑클럽.E11.190929.720p NEXT.mp4,magnet:?xt=urn:btih:36903CA09569A76B0161A30715D276E1F584BF1E,캠핑클럽
2019-10-01 00:28:03,torrentwal,위대한 쇼.E11.190930.720p NEXT.mp4,magnet:?xt=urn:btih:7158EE035CC8706F00EA8D9FECB40B73C026D103,위대한 쇼
2019-10-02 00:28:04,torrentwal,위대한 쇼.E12.191001.720p NEXT.mp4,magnet:?xt=urn:btih:530CBFAF2F3046FF0009F06031F5DF7485FBA99C,위대한 쇼
2019-10-03 02:28:03,torrentwal,백종원의 골목식당.E86.191002.720p NEXT.mp4,magnet:?xt=urn:btih:248A091520EE71AE73D7584A2D681C37FF7DF9AC,백종원의 골목식당
2019-10-05 00:28:03,torrentwal,삼시세끼 산촌편.E09.191004.720p NEXT.mp4,magnet:?xt=urn:btih:DF19D95C6CB81E52D179E3268AAA6896DC33B02D,삼시세끼
2019-10-05 14:28:04,torrentwal,그것  두 번째 이야기 ItChapterTwo20191080pHCHDRipX264AC3 EVO,magnet:?xt=urn:btih:CAA2B15197D46B7B17491DAD46739E346195BC3F,그것: 두 번째 이야기
2019-10-06 01:28:06,torrentwal,배가본드.E06.191005.720p NEXT.mp4,magnet:?xt=urn:btih:DFB7235206CC7E7F0B48F0E465EC89BEE9E4CB85,배가본드
2019-10-06 01:28:06,torrentwal,배가본드.E06.191005.720p NEXT.mp4,magnet:?xt=urn:btih:6F6839188ADE00D42B850E9DCECD17CB7727B05F,배가본드
2019-10-06 16:28:03,torrentwal,TV 동물농장.E938.191006.720p NEXT.mp4,magnet:?xt=urn:btih:D11D1DC9BCD5080551C939D37BAC7C4D004F7313,TV 동물농장
2019-10-06 17:28:08,torrentwal,세상의 모든 다큐.191006.세계를 바꾼 아이디어 5부   자동차.720p.mp4,magnet:?xt=urn:btih:953724CD47EBAA7A984B5E7C44AC519160558B93,세상의 모든 다큐
2019-10-06 21:28:04,torrentwal,슈퍼맨이 돌아왔다.E306.191006.720p NEXT.mp4,magnet:?xt=urn:btih:9B3B9A388A47D9DD424D6F236C167A34644C4741,슈퍼맨이 돌아왔다
2019-10-08 00:28:03,torrentwal,위대한 쇼.E13.191007.720p NEXT.mp4,magnet:?xt=urn:btih:DE0652802E23E75EDD06B4F8C606A1A8DE615335,위대한 쇼
2019-10-08 17:28:06,torrentwal,마이펫의 이중생활2 우리말  The Secret Life of Pets 220191080pKORDUBFHDRipH264AAC RTM,magnet:?xt=urn:btih:FE6344B3B81140EFADF8CE4CD102E241A5CBAC6F,마이펫의 이중생활 2
2019-10-09 00:28:06,torrentwal,위대한 쇼.E14.191008.720p NEXT.mp4,magnet:?xt=urn:btih:1DA733FDAA4424B1A070DD3A974E8874D020B4CA,위대한 쇼
2019-10-09 01:28:06,torrentwal,역사저널 그날.E238.191008.720p NEXT.mp4,magnet:?xt=urn:btih:2E256F2C797A931B3BAA9EFB79456B0C06045459,역사저널 그날
2019-10-10 01:28:03,torrentwal,차이나는 클라스.E128.191009.720p NEXT.mp4,magnet:?xt=urn:btih:06237A3D4768BC6303D5B95B28EDDE1C6D751485,차이나는 클라스
2019-10-10 02:28:06,torrentwal,백종원의 골목식당.E87.191009.720p NEXT.mp4,magnet:?xt=urn:btih:447021993B0E0062019C725EEA323B71291697E6,백종원의 골목식당
2019-10-11 16:28:06,torrentwal,토 렌 트 요 요    영문  라이온 킹 TheLionKing20191080pBluRayH264AAC RARBG,magnet:?xt=urn:btih:2BFCD3C3F2551FE2BE33BFE4F103C1C1B71F4A47,라이온 킹
2019-10-11 23:28:10,torrentwal,삼시세끼 산촌편.E10.191011.720p NEXT,magnet:?xt=urn:btih:9571AB5FAF69694F342D4590A01FF3D9C7C2E6AE,삼시세끼
2019-10-12 00:28:09,torrentwal,배가본드.E07.191011.720p NEXT.mp4,magnet:?xt=urn:btih:D01A58B183B437742FF8A8DE65B0503F4FD7516C,배가본드
2019-10-12 01:28:07,torrentwal,타짜  원 아이드 잭 Tazza  One Eyed Jack20191080pFHDRipH264AAC NonDRM,magnet:?xt=urn:btih:64191E8E91925E42E94F6B6808104375255616CD,타짜: 원 아이드 잭
2019-10-13 01:28:03,torrentwal,배가본드.E08.191012.720p NEXT.mp4,magnet:?xt=urn:btih:20E2045A83A944A6A5D63F1831CBC0C0F905E5FE,배가본드
2019-10-13 12:28:03,torrentwal,TV 동물농장.E939.191013.720p NEXT,magnet:?xt=urn:btih:D353C4BE3D1EE8CEF35F316F961112F975C9D44A,TV 동물농장
2019-10-13 20:28:05,torrentwal,슈퍼맨이 돌아왔다.E307.191013.720p NEXT.mp4,magnet:?xt=urn:btih:C397D5B19660400EB2866716D7191F481C3A710C,슈퍼맨이 돌아왔다
2019-10-15 00:28:03,torrentwal,위대한 쇼.E15.191014.720p NEXT,magnet:?xt=urn:btih:8736FFC296B550D6A561F865856A8EBA13BEDAB4,위대한 쇼
2019-10-15 23:28:03,torrentwal,"세계테마기행.E5048.191014.중국 도읍지 전(傳) 서방은 로마, 동방은 장안.720p NEXT.mp4",magnet:?xt=urn:btih:D10723DFE9DA2A6C6DA17FA98CA9C1F6DA3784BF,세계테마기행
2019-10-16 00:28:03,torrentwal,위대한 쇼.E16.191015.720p NEXT.mp4,magnet:?xt=urn:btih:24C2167B63FA8533A91CE01C25DD6F8ACC19FFEE,위대한 쇼
2019-10-16 03:28:04,torrentwal, tⓞrrent요요 나쁜 녀석들  더 무비 THE BAD GUYS  REIGN OF CHAOS20191080pFHDRipH264,magnet:?xt=urn:btih:C45525CA4400351CDC06E89E8610FDA70477F5E3,나쁜 녀석들: 더 무비
2019-10-16 23:28:03,torrentwal,"세계테마기행.E5049.191015.중국 도읍지 전(傳) 하늘이 내린 물길, 황허.720p NEXT.mp4",magnet:?xt=urn:btih:201A32CD469534BB9584FCB51DEB789A8B182398,세계테마기행
2019-10-17 00:28:05,torrentwal,차이나는 클라스.E129.191016.720p NEXT.mp4,magnet:?xt=urn:btih:23117F69F64C1C625AD999A7DB354256EA8DA64D,차이나는 클라스
2019-10-17 02:28:03,torrentwal,백종원의 골목식당.E88.191016.720p NEXT.mp4,magnet:?xt=urn:btih:5380AB02ADB3B1E332D7EBC4535BC2BA0491FB47,백종원의 골목식당
2019-10-18 04:28:07,torrentwal,세계테마기행.E5051.191017.중국 도읍지 전(傳) 장비와 떠나는 촉한 기행.720p NEXT.mp4,magnet:?xt=urn:btih:191EA64A35E61D539D0101804E819B1AA13765FB,세계테마기행
2019-10-18 23:28:03,torrentwal,삼시세끼 산촌편.E11.191018.720p NEXT.mp4,magnet:?xt=urn:btih:F2026AC3B8D75541AEFF09A3C7747F52682B94E9,삼시세끼
2019-10-19 02:28:04,torrentwal,배가본드.E09.191018.720p NEXT.mp4,magnet:?xt=urn:btih:A64383F435B1CB200966368AC222A9F2D7C66672,배가본드
2019-10-19 02:28:04,torrentwal,배가본드.E09.191018.720p NEXT.mp4,magnet:?xt=urn:btih:63088E131251C894281B507E1B8FD2474203AED6,배가본드
2019-10-20 00:28:04,torrentwal,배가본드.E10.191019.720p NEXT.mp4,magnet:?xt=urn:btih:A68A9F262A9DCA60E3C019CCAD61D94384A8C464,배가본드
2019-10-20 01:28:05,torrentwal,배가본드.E10.191019.720p NEXT.mp4,magnet:?xt=urn:btih:98F967E4BC500AA7777398EB16C7ED475DEAED1E,배가본드
2019-10-20 11:28:04,torrentwal,TV 동물농장.E940.191020.720p NEXT,magnet:?xt=urn:btih:921F3BE393A64FC5404DA71192CE48F82BE5B41A,TV 동물농장
2019-10-20 20:28:04,torrentwal,슈퍼맨이 돌아왔다.E308.191020.720p NEXT.mp4,magnet:?xt=urn:btih:E0BC6039152F1468DD8CFFBFD38B0DE1E138427A,슈퍼맨이 돌아왔다
2019-10-21 02:28:03,torrentwal,SBS 스페셜.E570.191020.레드 카펫 의전과 권력 사이.720p NEXT.mp4,magnet:?xt=urn:btih:8ACA4B8CE41748BA49094BF41D84068C9DB81FE5,SBS 스페셜
2019-10-21 22:28:04,torrentwal,세계테마기행.E5053.191021.720p NEXT.mp4,magnet:?xt=urn:btih:CF3893F5EF548AB74D255701FE019506BB33B512,세계테마기행
2019-10-23 00:28:04,torrentwal,세계테마기행.E5054.191022.720p NEXT.mp4,magnet:?xt=urn:btih:C08494D34C49CD904CACCC7F7D03F840D2BD0BDC,세계테마기행
2019-10-24 00:28:03,torrentwal,차이나는 클라스.E130.191023.720p NEXT.mp4,magnet:?xt=urn:btih:33B0B6C7236CA9F4FF67C5FE8E87A7CB1AFC0DCC,차이나는 클라스
2019-10-24 02:28:03,torrentwal,백종원의 골목식당.E89.191023.720p NEXT.mp4,magnet:?xt=urn:btih:4DE2BE86713473E6BFB9D3BA1689607DD75D02E9,백종원의 골목식당
2019-10-25 22:28:03,torrentwal,세계테마기행.E5057.191025.720p NEXT.mp4,magnet:?xt=urn:btih:186C2B33734689A27B63D69469CA3104B9C12859,세계테마기행
2019-10-26 01:28:04,torrentwal,배가본드.E11.191025.720p NEXT.mp4,magnet:?xt=urn:btih:FF3C05AFCB83484FFDFCAFAC00B523F300AAEFA7,배가본드
2019-10-27 00:28:03,torrentwal,배가본드.E12.191026.720p NEXT.mp4,magnet:?xt=urn:btih:3E49E3088EBB1AC747CC1D5D193B71D4DBA27816,배가본드
2019-10-27 13:28:05,torrentwal,TV 동물농장.E941.191027.720p NEXT.mp4,magnet:?xt=urn:btih:CA2A2F04784EAD224599CB03D53EB1305CE6EFEC,TV 동물농장
2019-10-27 20:28:03,torrentwal,슈퍼맨이 돌아왔다.E309.191027.720p NEXT.mp4,magnet:?xt=urn:btih:7187C8FFA4F1ACDB5AF6FB5FFA8C584EAB4A8C27,슈퍼맨이 돌아왔다
2019-10-28 01:28:04,torrentwal,SBS 스페셜.E590.191027.720p NEXT.mp4,magnet:?xt=urn:btih:4C411368A68CC53638A8D2C5898371C53D4596E6,SBS 스페셜
